{"type": "metrics", "dataset": "train", "precision": 0.7573449401523396, "balanced_accuracy": 0.7003033742896793, "recall": 0.44171779141104295, "f1_score": 0.5579903794762159}
{"type": "metrics", "dataset": "test", "precision": 0.5892561983471074, "balanced_accuracy": 0.6517025654444035, "recall": 0.37349397590361444, "f1_score": 0.45719781981404295}
{"type": "cm_matrix", "dataset": "train", "true_0": {"predicted_0": 15604, "predicted_1": 669}, "true_1": {"predicted_0": 2639, "predicted_1": 2088}}
{"type": "cm_matrix", "dataset": "test", "true_0": {"predicted_0": 6594, "predicted_1": 497}, "true_1": {"predicted_0": 1196, "predicted_1": 713}}
